Location ID,Showroom Name,City,Country,Pincode,Coordinates
1,Magnolia Mall,New Delhi,India,110001,"28.6139,77.209"
2,Pacific Plaza,Mumbai,India,400001,"19.076,72.8777"
3,Golden Tower,Kolkata,India,700001,"22.5726,88.3639"
4,Sapphire Square,Chennai,India,600001,"13.0827,80.2707"
5,Diamond Arcade,Bengaluru,India,560001,"12.9716,77.5946"
6,Sunshine Center,Hyderabad,India,500001,"17.385,78.4867"
7,Royal Court,Pune,India,411001,"18.5204,73.8567"
8,Platinum Plaza,Ahmedabad,India,380001,"23.0225,72.5714"
9,Pearl Palace,Jaipur,India,302001,"26.9124,75.7873"
10,Crystal Complex,Lucknow,India,226001,"26.8467,80.9462"
11,Empire Estate,Chandigarh,India,160017,"30.7333,76.7794"
12,Silver Street,Indore,India,452001,"22.7196,75.8577"
13,Ruby Mall,Patna,India,800001,"25.5941,85.1376"
14,Jade Junction,Kochi,India,682001,"9.9312,76.2673"
15,Opal Outlet,Jaipur,India,302001,"26.9124,75.7873"
16,Crystal Castle,Bhopal,India,462001,"23.2599,77.4126"
17,Sapphire Street,Visakhapatnam,India,530001,"17.6868,83.2185"
1018,3,18,249.99,14,18-03-2024
1019,1,19,49.99,13,03-04-2024
1020,2,20,29.99,13,22-03-2024
1021,2,3,79.99,7,02-04-2024
1022,1,15,39.99,4,14-03-2024
1023,3,1,19.99,17,15-03-2024
1024,2,9,59.99,15,27-03-2024
1025,1,11,49.99,1,03-04-2024
1026,3,10,34.99,1,28-03-2024
1027,2,4,49.99,10,21-03-2024
1028,1,17,99.99,15,26-03-2024
1029,3,6,599.99,10,27-03-2024
1030,2,20,29.99,4,01-04-2024
1031,1,5,14.99,16,21-03-2024
1032,2,12,349.99,16,01-04-2024
1033,3,8,199.99,13,21-03-2024
1034,1,18,249.99,17,28-03-2024
1035,2,19,49.99,11,03-04-2024
1036,3,7,74.99,15,26-03-2024
1037,1,13,79.99,15,21-03-2024
1038,2,14,29.99,10,15-03-2024
1039,3,2,899.99,6,15-03-2024
1040,1,16,24.99,15,26-03-2024
1041,2,1,19.99,16,26-03-2024
1042,3,3,79.99,4,27-03-2024
1043,1,10,34.99,4,04-04-2024
1044,2,9,59.99,3,20-03-2024
1045,3,18,249.99,4,04-04-2024
1046,1,4,49.99,12,26-03-2024
1047,2,12,349.99,13,28-03-2024
1048,3,14,29.99,3,01-04-2024
1049,1,20,29.99,7,29-03-2024
1050,2,7,74.99,10,15-03-2024
1051,1,15,39.99,2,28-03-2024
1052,3,1,19.99,7,01-04-2024
1053,2,9,59.99,2,27-03-2024
1054,1,11,49.99,8,28-03-2024
1055,3,10,34.99,4,29-03-2024
1056,2,4,49.99,7,14-03-2024
1057,1,17,99.99,16,22-03-2024
1058,3,6,599.99,7,15-03-2024
1059,2,20,29.99,7,19-03-2024
1060,1,5,14.99,3,19-03-2024
1061,2,12,349.99,3,02-04-2024
1062,3,8,199.99,8,14-03-2024
1063,1,18,249.99,15,28-03-2024
1064,2,19,49.99,11,22-03-2024
1065,3,7,74.99,2,20-03-2024
1066,1,13,79.99,2,26-03-2024
1067,2,14,29.99,2,18-03-2024
1068,3,2,899.99,17,19-03-2024
1069,1,16,24.99,14,21-03-2024
1070,2,1,19.99,5,18-03-2024
1071,3,3,79.99,15,19-03-2024
1072,1,10,34.99,12,15-03-2024
1073,2,9,59.99,17,15-03-2024
1074,3,18,249.99,13,04-04-2024
1075,1,4,49.99,15,15-03-2024
1076,2,12,349.99,16,28-03-2024
1077,3,14,29.99,12,02-04-2024
1078,1,20,29.99,5,22-03-2024
1079,2,7,74.99,15,27-03-2024
1080,2,15,39.99,15,22-03-2024
1081,1,1,19.99,10,28-03-2024
1082,3,9,59.99,13,18-03-2024
1083,2,11,49.99,5,01-04-2024
1084,1,10,34.99,16,03-04-2024
1085,3,4,49.99,14,04-04-2024
1086,2,17,99.99,8,20-03-2024
1087,1,6,599.99,7,21-03-2024
1088,3,20,29.99,1,21-03-2024
1089,2,5,14.99,6,26-03-2024
1090,1,12,349.99,13,19-03-2024
1091,3,8,199.99,14,15-03-2024
1092,2,18,249.99,10,19-03-2024
1093,1,19,49.99,7,29-03-2024
1094,3,7,74.99,14,01-04-2024
1095,2,13,79.99,15,21-03-2024
1096,1,14,29.99,11,21-03-2024
1097,3,2,899.99,4,19-03-2024
1098,2,16,24.99,12,26-03-2024
1099,1,3,79.99,9,27-03-2024
1100,3,1,19.99,1,22-03-2024
